idcell,midLat,midLon
00_00,-12.035450450450451,-77.05614954954956
00_01,-12.035450450450451,-77.05524864864866
00_02,-12.035450450450451,-77.05434774774776
00_03,-12.035450450450451,-77.05344684684685
00_04,-12.035450450450451,-77.05254594594595
00_05,-12.035450450450451,-77.05164504504505
00_06,-12.035450450450451,-77.05074414414415
00_07,-12.035450450450451,-77.04984324324326
00_08,-12.035450450450451,-77.04894234234236
00_09,-12.035450450450451,-77.04804144144146
00_10,-12.035450450450451,-77.04714054054055
00_11,-12.035450450450451,-77.04623963963965
00_12,-12.035450450450451,-77.04533873873875
00_13,-12.035450450450451,-77.04443783783785
00_14,-12.035450450450451,-77.04353693693695
00_15,-12.035450450450451,-77.04263603603604
00_16,-12.035450450450451,-77.04173513513514
00_17,-12.035450450450451,-77.04083423423424
00_18,-12.035450450450451,-77.03993333333334
00_19,-12.035450450450451,-77.03903243243244
00_20,-12.035450450450451,-77.03813153153155
00_21,-12.035450450450451,-77.03723063063065
00_22,-12.035450450450451,-77.03632972972974
00_23,-12.035450450450451,-77.03542882882884
00_24,-12.035450450450451,-77.03452792792794
00_25,-12.035450450450451,-77.03362702702704
00_26,-12.035450450450451,-77.03272612612614
00_27,-12.035450450450451,-77.03182522522523
00_28,-12.035450450450451,-77.03092432432433
01_00,-12.036351351351351,-77.05614954954956
01_01,-12.036351351351351,-77.05524864864866
01_02,-12.036351351351351,-77.05434774774776
01_03,-12.036351351351351,-77.05344684684685
01_04,-12.036351351351351,-77.05254594594595
01_05,-12.036351351351351,-77.05164504504505
01_06,-12.036351351351351,-77.05074414414415
01_07,-12.036351351351351,-77.04984324324326
01_08,-12.036351351351351,-77.04894234234236
01_09,-12.036351351351351,-77.04804144144146
01_10,-12.036351351351351,-77.04714054054055
01_11,-12.036351351351351,-77.04623963963965
01_12,-12.036351351351351,-77.04533873873875
01_13,-12.036351351351351,-77.04443783783785
01_14,-12.036351351351351,-77.04353693693695
01_15,-12.036351351351351,-77.04263603603604
01_16,-12.036351351351351,-77.04173513513514
01_17,-12.036351351351351,-77.04083423423424
01_18,-12.036351351351351,-77.03993333333334
01_19,-12.036351351351351,-77.03903243243244
01_20,-12.036351351351351,-77.03813153153155
01_21,-12.036351351351351,-77.03723063063065
01_22,-12.036351351351351,-77.03632972972974
01_23,-12.036351351351351,-77.03542882882884
01_24,-12.036351351351351,-77.03452792792794
01_25,-12.036351351351351,-77.03362702702704
01_26,-12.036351351351351,-77.03272612612614
01_27,-12.036351351351351,-77.03182522522523
01_28,-12.036351351351351,-77.03092432432433
02_00,-12.037252252252253,-77.05614954954956
02_01,-12.037252252252253,-77.05524864864866
02_02,-12.037252252252253,-77.05434774774776
02_03,-12.037252252252253,-77.05344684684685
02_04,-12.037252252252253,-77.05254594594595
02_05,-12.037252252252253,-77.05164504504505
02_06,-12.037252252252253,-77.05074414414415
02_07,-12.037252252252253,-77.04984324324326
02_08,-12.037252252252253,-77.04894234234236
02_09,-12.037252252252253,-77.04804144144146
02_10,-12.037252252252253,-77.04714054054055
02_11,-12.037252252252253,-77.04623963963965
02_12,-12.037252252252253,-77.04533873873875
02_13,-12.037252252252253,-77.04443783783785
02_14,-12.037252252252253,-77.04353693693695
02_15,-12.037252252252253,-77.04263603603604
02_16,-12.037252252252253,-77.04173513513514
02_17,-12.037252252252253,-77.04083423423424
02_18,-12.037252252252253,-77.03993333333334
02_19,-12.037252252252253,-77.03903243243244
02_20,-12.037252252252253,-77.03813153153155
02_21,-12.037252252252253,-77.03723063063065
02_22,-12.037252252252253,-77.03632972972974
02_23,-12.037252252252253,-77.03542882882884
02_24,-12.037252252252253,-77.03452792792794
02_25,-12.037252252252253,-77.03362702702704
02_26,-12.037252252252253,-77.03272612612614
02_27,-12.037252252252253,-77.03182522522523
02_28,-12.037252252252253,-77.03092432432433
03_00,-12.038153153153154,-77.05614954954956
03_01,-12.038153153153154,-77.05524864864866
03_02,-12.038153153153154,-77.05434774774776
03_03,-12.038153153153154,-77.05344684684685
03_04,-12.038153153153154,-77.05254594594595
03_05,-12.038153153153154,-77.05164504504505
03_06,-12.038153153153154,-77.05074414414415
03_07,-12.038153153153154,-77.04984324324326
03_08,-12.038153153153154,-77.04894234234236
03_09,-12.038153153153154,-77.04804144144146
03_10,-12.038153153153154,-77.04714054054055
03_11,-12.038153153153154,-77.04623963963965
03_12,-12.038153153153154,-77.04533873873875
03_13,-12.038153153153154,-77.04443783783785
03_14,-12.038153153153154,-77.04353693693695
03_15,-12.038153153153154,-77.04263603603604
03_16,-12.038153153153154,-77.04173513513514
03_17,-12.038153153153154,-77.04083423423424
03_18,-12.038153153153154,-77.03993333333334
03_19,-12.038153153153154,-77.03903243243244
03_20,-12.038153153153154,-77.03813153153155
03_21,-12.038153153153154,-77.03723063063065
03_22,-12.038153153153154,-77.03632972972974
03_23,-12.038153153153154,-77.03542882882884
03_24,-12.038153153153154,-77.03452792792794
03_25,-12.038153153153154,-77.03362702702704
03_26,-12.038153153153154,-77.03272612612614
03_27,-12.038153153153154,-77.03182522522523
03_28,-12.038153153153154,-77.03092432432433
04_00,-12.039054054054056,-77.05614954954956
04_01,-12.039054054054056,-77.05524864864866
04_02,-12.039054054054056,-77.05434774774776
04_03,-12.039054054054056,-77.05344684684685
04_04,-12.039054054054056,-77.05254594594595
04_05,-12.039054054054056,-77.05164504504505
04_06,-12.039054054054056,-77.05074414414415
04_07,-12.039054054054056,-77.04984324324326
04_08,-12.039054054054056,-77.04894234234236
04_09,-12.039054054054056,-77.04804144144146
04_10,-12.039054054054056,-77.04714054054055
04_11,-12.039054054054056,-77.04623963963965
04_12,-12.039054054054056,-77.04533873873875
04_13,-12.039054054054056,-77.04443783783785
04_14,-12.039054054054056,-77.04353693693695
04_15,-12.039054054054056,-77.04263603603604
04_16,-12.039054054054056,-77.04173513513514
04_17,-12.039054054054056,-77.04083423423424
04_18,-12.039054054054056,-77.03993333333334
04_19,-12.039054054054056,-77.03903243243244
04_20,-12.039054054054056,-77.03813153153155
04_21,-12.039054054054056,-77.03723063063065
04_22,-12.039054054054056,-77.03632972972974
04_23,-12.039054054054056,-77.03542882882884
04_24,-12.039054054054056,-77.03452792792794
04_25,-12.039054054054056,-77.03362702702704
04_26,-12.039054054054056,-77.03272612612614
04_27,-12.039054054054056,-77.03182522522523
04_28,-12.039054054054056,-77.03092432432433
05_00,-12.039954954954956,-77.05614954954956
05_01,-12.039954954954956,-77.05524864864866
05_02,-12.039954954954956,-77.05434774774776
05_03,-12.039954954954956,-77.05344684684685
05_04,-12.039954954954956,-77.05254594594595
05_05,-12.039954954954956,-77.05164504504505
05_06,-12.039954954954956,-77.05074414414415
05_07,-12.039954954954956,-77.04984324324326
05_08,-12.039954954954956,-77.04894234234236
05_09,-12.039954954954956,-77.04804144144146
05_10,-12.039954954954956,-77.04714054054055
05_11,-12.039954954954956,-77.04623963963965
05_12,-12.039954954954956,-77.04533873873875
05_13,-12.039954954954956,-77.04443783783785
05_14,-12.039954954954956,-77.04353693693695
05_15,-12.039954954954956,-77.04263603603604
05_16,-12.039954954954956,-77.04173513513514
05_17,-12.039954954954956,-77.04083423423424
05_18,-12.039954954954956,-77.03993333333334
05_19,-12.039954954954956,-77.03903243243244
05_20,-12.039954954954956,-77.03813153153155
05_21,-12.039954954954956,-77.03723063063065
05_22,-12.039954954954956,-77.03632972972974
05_23,-12.039954954954956,-77.03542882882884
05_24,-12.039954954954956,-77.03452792792794
05_25,-12.039954954954956,-77.03362702702704
05_26,-12.039954954954956,-77.03272612612614
05_27,-12.039954954954956,-77.03182522522523
05_28,-12.039954954954956,-77.03092432432433
06_00,-12.040855855855856,-77.05614954954956
06_01,-12.040855855855856,-77.05524864864866
06_02,-12.040855855855856,-77.05434774774776
06_03,-12.040855855855856,-77.05344684684685
06_04,-12.040855855855856,-77.05254594594595
06_05,-12.040855855855856,-77.05164504504505
06_06,-12.040855855855856,-77.05074414414415
06_07,-12.040855855855856,-77.04984324324326
06_08,-12.040855855855856,-77.04894234234236
06_09,-12.040855855855856,-77.04804144144146
06_10,-12.040855855855856,-77.04714054054055
06_11,-12.040855855855856,-77.04623963963965
06_12,-12.040855855855856,-77.04533873873875
06_13,-12.040855855855856,-77.04443783783785
06_14,-12.040855855855856,-77.04353693693695
06_15,-12.040855855855856,-77.04263603603604
06_16,-12.040855855855856,-77.04173513513514
06_17,-12.040855855855856,-77.04083423423424
06_18,-12.040855855855856,-77.03993333333334
06_19,-12.040855855855856,-77.03903243243244
06_20,-12.040855855855856,-77.03813153153155
06_21,-12.040855855855856,-77.03723063063065
06_22,-12.040855855855856,-77.03632972972974
06_23,-12.040855855855856,-77.03542882882884
06_24,-12.040855855855856,-77.03452792792794
06_25,-12.040855855855856,-77.03362702702704
06_26,-12.040855855855856,-77.03272612612614
06_27,-12.040855855855856,-77.03182522522523
06_28,-12.040855855855856,-77.03092432432433
07_00,-12.041756756756758,-77.05614954954956
07_01,-12.041756756756758,-77.05524864864866
07_02,-12.041756756756758,-77.05434774774776
07_03,-12.041756756756758,-77.05344684684685
07_04,-12.041756756756758,-77.05254594594595
07_05,-12.041756756756758,-77.05164504504505
07_06,-12.041756756756758,-77.05074414414415
07_07,-12.041756756756758,-77.04984324324326
07_08,-12.041756756756758,-77.04894234234236
07_09,-12.041756756756758,-77.04804144144146
07_10,-12.041756756756758,-77.04714054054055
07_11,-12.041756756756758,-77.04623963963965
07_12,-12.041756756756758,-77.04533873873875
07_13,-12.041756756756758,-77.04443783783785
07_14,-12.041756756756758,-77.04353693693695
07_15,-12.041756756756758,-77.04263603603604
07_16,-12.041756756756758,-77.04173513513514
07_17,-12.041756756756758,-77.04083423423424
07_18,-12.041756756756758,-77.03993333333334
07_19,-12.041756756756758,-77.03903243243244
07_20,-12.041756756756758,-77.03813153153155
07_21,-12.041756756756758,-77.03723063063065
07_22,-12.041756756756758,-77.03632972972974
07_23,-12.041756756756758,-77.03542882882884
07_24,-12.041756756756758,-77.03452792792794
07_25,-12.041756756756758,-77.03362702702704
07_26,-12.041756756756758,-77.03272612612614
07_27,-12.041756756756758,-77.03182522522523
07_28,-12.041756756756758,-77.03092432432433
08_00,-12.042657657657658,-77.05614954954956
08_01,-12.042657657657658,-77.05524864864866
08_02,-12.042657657657658,-77.05434774774776
08_03,-12.042657657657658,-77.05344684684685
08_04,-12.042657657657658,-77.05254594594595
08_05,-12.042657657657658,-77.05164504504505
08_06,-12.042657657657658,-77.05074414414415
08_07,-12.042657657657658,-77.04984324324326
08_08,-12.042657657657658,-77.04894234234236
08_09,-12.042657657657658,-77.04804144144146
08_10,-12.042657657657658,-77.04714054054055
08_11,-12.042657657657658,-77.04623963963965
08_12,-12.042657657657658,-77.04533873873875
08_13,-12.042657657657658,-77.04443783783785
08_14,-12.042657657657658,-77.04353693693695
08_15,-12.042657657657658,-77.04263603603604
08_16,-12.042657657657658,-77.04173513513514
08_17,-12.042657657657658,-77.04083423423424
08_18,-12.042657657657658,-77.03993333333334
08_19,-12.042657657657658,-77.03903243243244
08_20,-12.042657657657658,-77.03813153153155
08_21,-12.042657657657658,-77.03723063063065
08_22,-12.042657657657658,-77.03632972972974
08_23,-12.042657657657658,-77.03542882882884
08_24,-12.042657657657658,-77.03452792792794
08_25,-12.042657657657658,-77.03362702702704
08_26,-12.042657657657658,-77.03272612612614
08_27,-12.042657657657658,-77.03182522522523
08_28,-12.042657657657658,-77.03092432432433
09_00,-12.043558558558559,-77.05614954954956
09_01,-12.043558558558559,-77.05524864864866
09_02,-12.043558558558559,-77.05434774774776
09_03,-12.043558558558559,-77.05344684684685
09_04,-12.043558558558559,-77.05254594594595
09_05,-12.043558558558559,-77.05164504504505
09_06,-12.043558558558559,-77.05074414414415
09_07,-12.043558558558559,-77.04984324324326
09_08,-12.043558558558559,-77.04894234234236
09_09,-12.043558558558559,-77.04804144144146
09_10,-12.043558558558559,-77.04714054054055
09_11,-12.043558558558559,-77.04623963963965
09_12,-12.043558558558559,-77.04533873873875
09_13,-12.043558558558559,-77.04443783783785
09_14,-12.043558558558559,-77.04353693693695
09_15,-12.043558558558559,-77.04263603603604
09_16,-12.043558558558559,-77.04173513513514
09_17,-12.043558558558559,-77.04083423423424
09_18,-12.043558558558559,-77.03993333333334
09_19,-12.043558558558559,-77.03903243243244
09_20,-12.043558558558559,-77.03813153153155
09_21,-12.043558558558559,-77.03723063063065
09_22,-12.043558558558559,-77.03632972972974
09_23,-12.043558558558559,-77.03542882882884
09_24,-12.043558558558559,-77.03452792792794
09_25,-12.043558558558559,-77.03362702702704
09_26,-12.043558558558559,-77.03272612612614
09_27,-12.043558558558559,-77.03182522522523
09_28,-12.043558558558559,-77.03092432432433
10_00,-12.04445945945946,-77.05614954954956
10_01,-12.04445945945946,-77.05524864864866
10_02,-12.04445945945946,-77.05434774774776
10_03,-12.04445945945946,-77.05344684684685
10_04,-12.04445945945946,-77.05254594594595
10_05,-12.04445945945946,-77.05164504504505
10_06,-12.04445945945946,-77.05074414414415
10_07,-12.04445945945946,-77.04984324324326
10_08,-12.04445945945946,-77.04894234234236
10_09,-12.04445945945946,-77.04804144144146
10_10,-12.04445945945946,-77.04714054054055
10_11,-12.04445945945946,-77.04623963963965
10_12,-12.04445945945946,-77.04533873873875
10_13,-12.04445945945946,-77.04443783783785
10_14,-12.04445945945946,-77.04353693693695
10_15,-12.04445945945946,-77.04263603603604
10_16,-12.04445945945946,-77.04173513513514
10_17,-12.04445945945946,-77.04083423423424
10_18,-12.04445945945946,-77.03993333333334
10_19,-12.04445945945946,-77.03903243243244
10_20,-12.04445945945946,-77.03813153153155
10_21,-12.04445945945946,-77.03723063063065
10_22,-12.04445945945946,-77.03632972972974
10_23,-12.04445945945946,-77.03542882882884
10_24,-12.04445945945946,-77.03452792792794
10_25,-12.04445945945946,-77.03362702702704
10_26,-12.04445945945946,-77.03272612612614
10_27,-12.04445945945946,-77.03182522522523
10_28,-12.04445945945946,-77.03092432432433
11_00,-12.04536036036036,-77.05614954954956
11_01,-12.04536036036036,-77.05524864864866
11_02,-12.04536036036036,-77.05434774774776
11_03,-12.04536036036036,-77.05344684684685
11_04,-12.04536036036036,-77.05254594594595
11_05,-12.04536036036036,-77.05164504504505
11_06,-12.04536036036036,-77.05074414414415
11_07,-12.04536036036036,-77.04984324324326
11_08,-12.04536036036036,-77.04894234234236
11_09,-12.04536036036036,-77.04804144144146
11_10,-12.04536036036036,-77.04714054054055
11_11,-12.04536036036036,-77.04623963963965
11_12,-12.04536036036036,-77.04533873873875
11_13,-12.04536036036036,-77.04443783783785
11_14,-12.04536036036036,-77.04353693693695
11_15,-12.04536036036036,-77.04263603603604
11_16,-12.04536036036036,-77.04173513513514
11_17,-12.04536036036036,-77.04083423423424
11_18,-12.04536036036036,-77.03993333333334
11_19,-12.04536036036036,-77.03903243243244
11_20,-12.04536036036036,-77.03813153153155
11_21,-12.04536036036036,-77.03723063063065
11_22,-12.04536036036036,-77.03632972972974
11_23,-12.04536036036036,-77.03542882882884
11_24,-12.04536036036036,-77.03452792792794
11_25,-12.04536036036036,-77.03362702702704
11_26,-12.04536036036036,-77.03272612612614
11_27,-12.04536036036036,-77.03182522522523
11_28,-12.04536036036036,-77.03092432432433
12_00,-12.046261261261263,-77.05614954954956
12_01,-12.046261261261263,-77.05524864864866
12_02,-12.046261261261263,-77.05434774774776
12_03,-12.046261261261263,-77.05344684684685
12_04,-12.046261261261263,-77.05254594594595
12_05,-12.046261261261263,-77.05164504504505
12_06,-12.046261261261263,-77.05074414414415
12_07,-12.046261261261263,-77.04984324324326
12_08,-12.046261261261263,-77.04894234234236
12_09,-12.046261261261263,-77.04804144144146
12_10,-12.046261261261263,-77.04714054054055
12_11,-12.046261261261263,-77.04623963963965
12_12,-12.046261261261263,-77.04533873873875
12_13,-12.046261261261263,-77.04443783783785
12_14,-12.046261261261263,-77.04353693693695
12_15,-12.046261261261263,-77.04263603603604
12_16,-12.046261261261263,-77.04173513513514
12_17,-12.046261261261263,-77.04083423423424
12_18,-12.046261261261263,-77.03993333333334
12_19,-12.046261261261263,-77.03903243243244
12_20,-12.046261261261263,-77.03813153153155
12_21,-12.046261261261263,-77.03723063063065
12_22,-12.046261261261263,-77.03632972972974
12_23,-12.046261261261263,-77.03542882882884
12_24,-12.046261261261263,-77.03452792792794
12_25,-12.046261261261263,-77.03362702702704
12_26,-12.046261261261263,-77.03272612612614
12_27,-12.046261261261263,-77.03182522522523
12_28,-12.046261261261263,-77.03092432432433
13_00,-12.047162162162163,-77.05614954954956
13_01,-12.047162162162163,-77.05524864864866
13_02,-12.047162162162163,-77.05434774774776
13_03,-12.047162162162163,-77.05344684684685
13_04,-12.047162162162163,-77.05254594594595
13_05,-12.047162162162163,-77.05164504504505
13_06,-12.047162162162163,-77.05074414414415
13_07,-12.047162162162163,-77.04984324324326
13_08,-12.047162162162163,-77.04894234234236
13_09,-12.047162162162163,-77.04804144144146
13_10,-12.047162162162163,-77.04714054054055
13_11,-12.047162162162163,-77.04623963963965
13_12,-12.047162162162163,-77.04533873873875
13_13,-12.047162162162163,-77.04443783783785
13_14,-12.047162162162163,-77.04353693693695
13_15,-12.047162162162163,-77.04263603603604
13_16,-12.047162162162163,-77.04173513513514
13_17,-12.047162162162163,-77.04083423423424
13_18,-12.047162162162163,-77.03993333333334
13_19,-12.047162162162163,-77.03903243243244
13_20,-12.047162162162163,-77.03813153153155
13_21,-12.047162162162163,-77.03723063063065
13_22,-12.047162162162163,-77.03632972972974
13_23,-12.047162162162163,-77.03542882882884
13_24,-12.047162162162163,-77.03452792792794
13_25,-12.047162162162163,-77.03362702702704
13_26,-12.047162162162163,-77.03272612612614
13_27,-12.047162162162163,-77.03182522522523
13_28,-12.047162162162163,-77.03092432432433
14_00,-12.048063063063063,-77.05614954954956
14_01,-12.048063063063063,-77.05524864864866
14_02,-12.048063063063063,-77.05434774774776
14_03,-12.048063063063063,-77.05344684684685
14_04,-12.048063063063063,-77.05254594594595
14_05,-12.048063063063063,-77.05164504504505
14_06,-12.048063063063063,-77.05074414414415
14_07,-12.048063063063063,-77.04984324324326
14_08,-12.048063063063063,-77.04894234234236
14_09,-12.048063063063063,-77.04804144144146
14_10,-12.048063063063063,-77.04714054054055
14_11,-12.048063063063063,-77.04623963963965
14_12,-12.048063063063063,-77.04533873873875
14_13,-12.048063063063063,-77.04443783783785
14_14,-12.048063063063063,-77.04353693693695
14_15,-12.048063063063063,-77.04263603603604
14_16,-12.048063063063063,-77.04173513513514
14_17,-12.048063063063063,-77.04083423423424
14_18,-12.048063063063063,-77.03993333333334
14_19,-12.048063063063063,-77.03903243243244
14_20,-12.048063063063063,-77.03813153153155
14_21,-12.048063063063063,-77.03723063063065
14_22,-12.048063063063063,-77.03632972972974
14_23,-12.048063063063063,-77.03542882882884
14_24,-12.048063063063063,-77.03452792792794
14_25,-12.048063063063063,-77.03362702702704
14_26,-12.048063063063063,-77.03272612612614
14_27,-12.048063063063063,-77.03182522522523
14_28,-12.048063063063063,-77.03092432432433
15_00,-12.048963963963965,-77.05614954954956
15_01,-12.048963963963965,-77.05524864864866
15_02,-12.048963963963965,-77.05434774774776
15_03,-12.048963963963965,-77.05344684684685
15_04,-12.048963963963965,-77.05254594594595
15_05,-12.048963963963965,-77.05164504504505
15_06,-12.048963963963965,-77.05074414414415
15_07,-12.048963963963965,-77.04984324324326
15_08,-12.048963963963965,-77.04894234234236
15_09,-12.048963963963965,-77.04804144144146
15_10,-12.048963963963965,-77.04714054054055
15_11,-12.048963963963965,-77.04623963963965
15_12,-12.048963963963965,-77.04533873873875
15_13,-12.048963963963965,-77.04443783783785
15_14,-12.048963963963965,-77.04353693693695
15_15,-12.048963963963965,-77.04263603603604
15_16,-12.048963963963965,-77.04173513513514
15_17,-12.048963963963965,-77.04083423423424
15_18,-12.048963963963965,-77.03993333333334
15_19,-12.048963963963965,-77.03903243243244
15_20,-12.048963963963965,-77.03813153153155
15_21,-12.048963963963965,-77.03723063063065
15_22,-12.048963963963965,-77.03632972972974
15_23,-12.048963963963965,-77.03542882882884
15_24,-12.048963963963965,-77.03452792792794
15_25,-12.048963963963965,-77.03362702702704
15_26,-12.048963963963965,-77.03272612612614
15_27,-12.048963963963965,-77.03182522522523
15_28,-12.048963963963965,-77.03092432432433
16_00,-12.049864864864865,-77.05614954954956
16_01,-12.049864864864865,-77.05524864864866
16_02,-12.049864864864865,-77.05434774774776
16_03,-12.049864864864865,-77.05344684684685
16_04,-12.049864864864865,-77.05254594594595
16_05,-12.049864864864865,-77.05164504504505
16_06,-12.049864864864865,-77.05074414414415
16_07,-12.049864864864865,-77.04984324324326
16_08,-12.049864864864865,-77.04894234234236
16_09,-12.049864864864865,-77.04804144144146
16_10,-12.049864864864865,-77.04714054054055
16_11,-12.049864864864865,-77.04623963963965
16_12,-12.049864864864865,-77.04533873873875
16_13,-12.049864864864865,-77.04443783783785
16_14,-12.049864864864865,-77.04353693693695
16_15,-12.049864864864865,-77.04263603603604
16_16,-12.049864864864865,-77.04173513513514
16_17,-12.049864864864865,-77.04083423423424
16_18,-12.049864864864865,-77.03993333333334
16_19,-12.049864864864865,-77.03903243243244
16_20,-12.049864864864865,-77.03813153153155
16_21,-12.049864864864865,-77.03723063063065
16_22,-12.049864864864865,-77.03632972972974
16_23,-12.049864864864865,-77.03542882882884
16_24,-12.049864864864865,-77.03452792792794
16_25,-12.049864864864865,-77.03362702702704
16_26,-12.049864864864865,-77.03272612612614
16_27,-12.049864864864865,-77.03182522522523
16_28,-12.049864864864865,-77.03092432432433
17_00,-12.050765765765766,-77.05614954954956
17_01,-12.050765765765766,-77.05524864864866
17_02,-12.050765765765766,-77.05434774774776
17_03,-12.050765765765766,-77.05344684684685
17_04,-12.050765765765766,-77.05254594594595
17_05,-12.050765765765766,-77.05164504504505
17_06,-12.050765765765766,-77.05074414414415
17_07,-12.050765765765766,-77.04984324324326
17_08,-12.050765765765766,-77.04894234234236
17_09,-12.050765765765766,-77.04804144144146
17_10,-12.050765765765766,-77.04714054054055
17_11,-12.050765765765766,-77.04623963963965
17_12,-12.050765765765766,-77.04533873873875
17_13,-12.050765765765766,-77.04443783783785
17_14,-12.050765765765766,-77.04353693693695
17_15,-12.050765765765766,-77.04263603603604
17_16,-12.050765765765766,-77.04173513513514
17_17,-12.050765765765766,-77.04083423423424
17_18,-12.050765765765766,-77.03993333333334
17_19,-12.050765765765766,-77.03903243243244
17_20,-12.050765765765766,-77.03813153153155
17_21,-12.050765765765766,-77.03723063063065
17_22,-12.050765765765766,-77.03632972972974
17_23,-12.050765765765766,-77.03542882882884
17_24,-12.050765765765766,-77.03452792792794
17_25,-12.050765765765766,-77.03362702702704
17_26,-12.050765765765766,-77.03272612612614
17_27,-12.050765765765766,-77.03182522522523
17_28,-12.050765765765766,-77.03092432432433
18_00,-12.051666666666668,-77.05614954954956
18_01,-12.051666666666668,-77.05524864864866
18_02,-12.051666666666668,-77.05434774774776
18_03,-12.051666666666668,-77.05344684684685
18_04,-12.051666666666668,-77.05254594594595
18_05,-12.051666666666668,-77.05164504504505
18_06,-12.051666666666668,-77.05074414414415
18_07,-12.051666666666668,-77.04984324324326
18_08,-12.051666666666668,-77.04894234234236
18_09,-12.051666666666668,-77.04804144144146
18_10,-12.051666666666668,-77.04714054054055
18_11,-12.051666666666668,-77.04623963963965
18_12,-12.051666666666668,-77.04533873873875
18_13,-12.051666666666668,-77.04443783783785
18_14,-12.051666666666668,-77.04353693693695
18_15,-12.051666666666668,-77.04263603603604
18_16,-12.051666666666668,-77.04173513513514
18_17,-12.051666666666668,-77.04083423423424
18_18,-12.051666666666668,-77.03993333333334
18_19,-12.051666666666668,-77.03903243243244
18_20,-12.051666666666668,-77.03813153153155
18_21,-12.051666666666668,-77.03723063063065
18_22,-12.051666666666668,-77.03632972972974
18_23,-12.051666666666668,-77.03542882882884
18_24,-12.051666666666668,-77.03452792792794
18_25,-12.051666666666668,-77.03362702702704
18_26,-12.051666666666668,-77.03272612612614
18_27,-12.051666666666668,-77.03182522522523
18_28,-12.051666666666668,-77.03092432432433
19_00,-12.052567567567568,-77.05614954954956
19_01,-12.052567567567568,-77.05524864864866
19_02,-12.052567567567568,-77.05434774774776
19_03,-12.052567567567568,-77.05344684684685
19_04,-12.052567567567568,-77.05254594594595
19_05,-12.052567567567568,-77.05164504504505
19_06,-12.052567567567568,-77.05074414414415
19_07,-12.052567567567568,-77.04984324324326
19_08,-12.052567567567568,-77.04894234234236
19_09,-12.052567567567568,-77.04804144144146
19_10,-12.052567567567568,-77.04714054054055
19_11,-12.052567567567568,-77.04623963963965
19_12,-12.052567567567568,-77.04533873873875
19_13,-12.052567567567568,-77.04443783783785
19_14,-12.052567567567568,-77.04353693693695
19_15,-12.052567567567568,-77.04263603603604
19_16,-12.052567567567568,-77.04173513513514
19_17,-12.052567567567568,-77.04083423423424
19_18,-12.052567567567568,-77.03993333333334
19_19,-12.052567567567568,-77.03903243243244
19_20,-12.052567567567568,-77.03813153153155
19_21,-12.052567567567568,-77.03723063063065
19_22,-12.052567567567568,-77.03632972972974
19_23,-12.052567567567568,-77.03542882882884
19_24,-12.052567567567568,-77.03452792792794
19_25,-12.052567567567568,-77.03362702702704
19_26,-12.052567567567568,-77.03272612612614
19_27,-12.052567567567568,-77.03182522522523
19_28,-12.052567567567568,-77.03092432432433
20_00,-12.05346846846847,-77.05614954954956
20_01,-12.05346846846847,-77.05524864864866
20_02,-12.05346846846847,-77.05434774774776
20_03,-12.05346846846847,-77.05344684684685
20_04,-12.05346846846847,-77.05254594594595
20_05,-12.05346846846847,-77.05164504504505
20_06,-12.05346846846847,-77.05074414414415
20_07,-12.05346846846847,-77.04984324324326
20_08,-12.05346846846847,-77.04894234234236
20_09,-12.05346846846847,-77.04804144144146
20_10,-12.05346846846847,-77.04714054054055
20_11,-12.05346846846847,-77.04623963963965
20_12,-12.05346846846847,-77.04533873873875
20_13,-12.05346846846847,-77.04443783783785
20_14,-12.05346846846847,-77.04353693693695
20_15,-12.05346846846847,-77.04263603603604
20_16,-12.05346846846847,-77.04173513513514
20_17,-12.05346846846847,-77.04083423423424
20_18,-12.05346846846847,-77.03993333333334
20_19,-12.05346846846847,-77.03903243243244
20_20,-12.05346846846847,-77.03813153153155
20_21,-12.05346846846847,-77.03723063063065
20_22,-12.05346846846847,-77.03632972972974
20_23,-12.05346846846847,-77.03542882882884
20_24,-12.05346846846847,-77.03452792792794
20_25,-12.05346846846847,-77.03362702702704
20_26,-12.05346846846847,-77.03272612612614
20_27,-12.05346846846847,-77.03182522522523
20_28,-12.05346846846847,-77.03092432432433
21_00,-12.05436936936937,-77.05614954954956
21_01,-12.05436936936937,-77.05524864864866
21_02,-12.05436936936937,-77.05434774774776
21_03,-12.05436936936937,-77.05344684684685
21_04,-12.05436936936937,-77.05254594594595
21_05,-12.05436936936937,-77.05164504504505
21_06,-12.05436936936937,-77.05074414414415
21_07,-12.05436936936937,-77.04984324324326
21_08,-12.05436936936937,-77.04894234234236
21_09,-12.05436936936937,-77.04804144144146
21_10,-12.05436936936937,-77.04714054054055
21_11,-12.05436936936937,-77.04623963963965
21_12,-12.05436936936937,-77.04533873873875
21_13,-12.05436936936937,-77.04443783783785
21_14,-12.05436936936937,-77.04353693693695
21_15,-12.05436936936937,-77.04263603603604
21_16,-12.05436936936937,-77.04173513513514
21_17,-12.05436936936937,-77.04083423423424
21_18,-12.05436936936937,-77.03993333333334
21_19,-12.05436936936937,-77.03903243243244
21_20,-12.05436936936937,-77.03813153153155
21_21,-12.05436936936937,-77.03723063063065
21_22,-12.05436936936937,-77.03632972972974
21_23,-12.05436936936937,-77.03542882882884
21_24,-12.05436936936937,-77.03452792792794
21_25,-12.05436936936937,-77.03362702702704
21_26,-12.05436936936937,-77.03272612612614
21_27,-12.05436936936937,-77.03182522522523
21_28,-12.05436936936937,-77.03092432432433
22_00,-12.05527027027027,-77.05614954954956
22_01,-12.05527027027027,-77.05524864864866
22_02,-12.05527027027027,-77.05434774774776
22_03,-12.05527027027027,-77.05344684684685
22_04,-12.05527027027027,-77.05254594594595
22_05,-12.05527027027027,-77.05164504504505
22_06,-12.05527027027027,-77.05074414414415
22_07,-12.05527027027027,-77.04984324324326
22_08,-12.05527027027027,-77.04894234234236
22_09,-12.05527027027027,-77.04804144144146
22_10,-12.05527027027027,-77.04714054054055
22_11,-12.05527027027027,-77.04623963963965
22_12,-12.05527027027027,-77.04533873873875
22_13,-12.05527027027027,-77.04443783783785
22_14,-12.05527027027027,-77.04353693693695
22_15,-12.05527027027027,-77.04263603603604
22_16,-12.05527027027027,-77.04173513513514
22_17,-12.05527027027027,-77.04083423423424
22_18,-12.05527027027027,-77.03993333333334
22_19,-12.05527027027027,-77.03903243243244
22_20,-12.05527027027027,-77.03813153153155
22_21,-12.05527027027027,-77.03723063063065
22_22,-12.05527027027027,-77.03632972972974
22_23,-12.05527027027027,-77.03542882882884
22_24,-12.05527027027027,-77.03452792792794
22_25,-12.05527027027027,-77.03362702702704
22_26,-12.05527027027027,-77.03272612612614
22_27,-12.05527027027027,-77.03182522522523
22_28,-12.05527027027027,-77.03092432432433
23_00,-12.056171171171172,-77.05614954954956
23_01,-12.056171171171172,-77.05524864864866
23_02,-12.056171171171172,-77.05434774774776
23_03,-12.056171171171172,-77.05344684684685
23_04,-12.056171171171172,-77.05254594594595
23_05,-12.056171171171172,-77.05164504504505
23_06,-12.056171171171172,-77.05074414414415
23_07,-12.056171171171172,-77.04984324324326
23_08,-12.056171171171172,-77.04894234234236
23_09,-12.056171171171172,-77.04804144144146
23_10,-12.056171171171172,-77.04714054054055
23_11,-12.056171171171172,-77.04623963963965
23_12,-12.056171171171172,-77.04533873873875
23_13,-12.056171171171172,-77.04443783783785
23_14,-12.056171171171172,-77.04353693693695
23_15,-12.056171171171172,-77.04263603603604
23_16,-12.056171171171172,-77.04173513513514
23_17,-12.056171171171172,-77.04083423423424
23_18,-12.056171171171172,-77.03993333333334
23_19,-12.056171171171172,-77.03903243243244
23_20,-12.056171171171172,-77.03813153153155
23_21,-12.056171171171172,-77.03723063063065
23_22,-12.056171171171172,-77.03632972972974
23_23,-12.056171171171172,-77.03542882882884
23_24,-12.056171171171172,-77.03452792792794
23_25,-12.056171171171172,-77.03362702702704
23_26,-12.056171171171172,-77.03272612612614
23_27,-12.056171171171172,-77.03182522522523
23_28,-12.056171171171172,-77.03092432432433
24_00,-12.057072072072073,-77.05614954954956
24_01,-12.057072072072073,-77.05524864864866
24_02,-12.057072072072073,-77.05434774774776
24_03,-12.057072072072073,-77.05344684684685
24_04,-12.057072072072073,-77.05254594594595
24_05,-12.057072072072073,-77.05164504504505
24_06,-12.057072072072073,-77.05074414414415
24_07,-12.057072072072073,-77.04984324324326
24_08,-12.057072072072073,-77.04894234234236
24_09,-12.057072072072073,-77.04804144144146
24_10,-12.057072072072073,-77.04714054054055
24_11,-12.057072072072073,-77.04623963963965
24_12,-12.057072072072073,-77.04533873873875
24_13,-12.057072072072073,-77.04443783783785
24_14,-12.057072072072073,-77.04353693693695
24_15,-12.057072072072073,-77.04263603603604
24_16,-12.057072072072073,-77.04173513513514
24_17,-12.057072072072073,-77.04083423423424
24_18,-12.057072072072073,-77.03993333333334
24_19,-12.057072072072073,-77.03903243243244
24_20,-12.057072072072073,-77.03813153153155
24_21,-12.057072072072073,-77.03723063063065
24_22,-12.057072072072073,-77.03632972972974
24_23,-12.057072072072073,-77.03542882882884
24_24,-12.057072072072073,-77.03452792792794
24_25,-12.057072072072073,-77.03362702702704
24_26,-12.057072072072073,-77.03272612612614
24_27,-12.057072072072073,-77.03182522522523
24_28,-12.057072072072073,-77.03092432432433
25_00,-12.057972972972975,-77.05614954954956
25_01,-12.057972972972975,-77.05524864864866
25_02,-12.057972972972975,-77.05434774774776
25_03,-12.057972972972975,-77.05344684684685
25_04,-12.057972972972975,-77.05254594594595
25_05,-12.057972972972975,-77.05164504504505
25_06,-12.057972972972975,-77.05074414414415
25_07,-12.057972972972975,-77.04984324324326
25_08,-12.057972972972975,-77.04894234234236
25_09,-12.057972972972975,-77.04804144144146
25_10,-12.057972972972975,-77.04714054054055
25_11,-12.057972972972975,-77.04623963963965
25_12,-12.057972972972975,-77.04533873873875
25_13,-12.057972972972975,-77.04443783783785
25_14,-12.057972972972975,-77.04353693693695
25_15,-12.057972972972975,-77.04263603603604
25_16,-12.057972972972975,-77.04173513513514
25_17,-12.057972972972975,-77.04083423423424
25_18,-12.057972972972975,-77.03993333333334
25_19,-12.057972972972975,-77.03903243243244
25_20,-12.057972972972975,-77.03813153153155
25_21,-12.057972972972975,-77.03723063063065
25_22,-12.057972972972975,-77.03632972972974
25_23,-12.057972972972975,-77.03542882882884
25_24,-12.057972972972975,-77.03452792792794
25_25,-12.057972972972975,-77.03362702702704
25_26,-12.057972972972975,-77.03272612612614
25_27,-12.057972972972975,-77.03182522522523
25_28,-12.057972972972975,-77.03092432432433
26_00,-12.058873873873875,-77.05614954954956
26_01,-12.058873873873875,-77.05524864864866
26_02,-12.058873873873875,-77.05434774774776
26_03,-12.058873873873875,-77.05344684684685
26_04,-12.058873873873875,-77.05254594594595
26_05,-12.058873873873875,-77.05164504504505
26_06,-12.058873873873875,-77.05074414414415
26_07,-12.058873873873875,-77.04984324324326
26_08,-12.058873873873875,-77.04894234234236
26_09,-12.058873873873875,-77.04804144144146
26_10,-12.058873873873875,-77.04714054054055
26_11,-12.058873873873875,-77.04623963963965
26_12,-12.058873873873875,-77.04533873873875
26_13,-12.058873873873875,-77.04443783783785
26_14,-12.058873873873875,-77.04353693693695
26_15,-12.058873873873875,-77.04263603603604
26_16,-12.058873873873875,-77.04173513513514
26_17,-12.058873873873875,-77.04083423423424
26_18,-12.058873873873875,-77.03993333333334
26_19,-12.058873873873875,-77.03903243243244
26_20,-12.058873873873875,-77.03813153153155
26_21,-12.058873873873875,-77.03723063063065
26_22,-12.058873873873875,-77.03632972972974
26_23,-12.058873873873875,-77.03542882882884
26_24,-12.058873873873875,-77.03452792792794
26_25,-12.058873873873875,-77.03362702702704
26_26,-12.058873873873875,-77.03272612612614
26_27,-12.058873873873875,-77.03182522522523
26_28,-12.058873873873875,-77.03092432432433
27_00,-12.059774774774775,-77.05614954954956
27_01,-12.059774774774775,-77.05524864864866
27_02,-12.059774774774775,-77.05434774774776
27_03,-12.059774774774775,-77.05344684684685
27_04,-12.059774774774775,-77.05254594594595
27_05,-12.059774774774775,-77.05164504504505
27_06,-12.059774774774775,-77.05074414414415
27_07,-12.059774774774775,-77.04984324324326
27_08,-12.059774774774775,-77.04894234234236
27_09,-12.059774774774775,-77.04804144144146
27_10,-12.059774774774775,-77.04714054054055
27_11,-12.059774774774775,-77.04623963963965
27_12,-12.059774774774775,-77.04533873873875
27_13,-12.059774774774775,-77.04443783783785
27_14,-12.059774774774775,-77.04353693693695
27_15,-12.059774774774775,-77.04263603603604
27_16,-12.059774774774775,-77.04173513513514
27_17,-12.059774774774775,-77.04083423423424
27_18,-12.059774774774775,-77.03993333333334
27_19,-12.059774774774775,-77.03903243243244
27_20,-12.059774774774775,-77.03813153153155
27_21,-12.059774774774775,-77.03723063063065
27_22,-12.059774774774775,-77.03632972972974
27_23,-12.059774774774775,-77.03542882882884
27_24,-12.059774774774775,-77.03452792792794
27_25,-12.059774774774775,-77.03362702702704
27_26,-12.059774774774775,-77.03272612612614
27_27,-12.059774774774775,-77.03182522522523
27_28,-12.059774774774775,-77.03092432432433
28_00,-12.060675675675677,-77.05614954954956
28_01,-12.060675675675677,-77.05524864864866
28_02,-12.060675675675677,-77.05434774774776
28_03,-12.060675675675677,-77.05344684684685
28_04,-12.060675675675677,-77.05254594594595
28_05,-12.060675675675677,-77.05164504504505
28_06,-12.060675675675677,-77.05074414414415
28_07,-12.060675675675677,-77.04984324324326
28_08,-12.060675675675677,-77.04894234234236
28_09,-12.060675675675677,-77.04804144144146
28_10,-12.060675675675677,-77.04714054054055
28_11,-12.060675675675677,-77.04623963963965
28_12,-12.060675675675677,-77.04533873873875
28_13,-12.060675675675677,-77.04443783783785
28_14,-12.060675675675677,-77.04353693693695
28_15,-12.060675675675677,-77.04263603603604
28_16,-12.060675675675677,-77.04173513513514
28_17,-12.060675675675677,-77.04083423423424
28_18,-12.060675675675677,-77.03993333333334
28_19,-12.060675675675677,-77.03903243243244
28_20,-12.060675675675677,-77.03813153153155
28_21,-12.060675675675677,-77.03723063063065
28_22,-12.060675675675677,-77.03632972972974
28_23,-12.060675675675677,-77.03542882882884
28_24,-12.060675675675677,-77.03452792792794
28_25,-12.060675675675677,-77.03362702702704
28_26,-12.060675675675677,-77.03272612612614
28_27,-12.060675675675677,-77.03182522522523
28_28,-12.060675675675677,-77.03092432432433
29_00,-12.061576576576577,-77.05614954954956
29_01,-12.061576576576577,-77.05524864864866
29_02,-12.061576576576577,-77.05434774774776
29_03,-12.061576576576577,-77.05344684684685
29_04,-12.061576576576577,-77.05254594594595
29_05,-12.061576576576577,-77.05164504504505
29_06,-12.061576576576577,-77.05074414414415
29_07,-12.061576576576577,-77.04984324324326
29_08,-12.061576576576577,-77.04894234234236
29_09,-12.061576576576577,-77.04804144144146
29_10,-12.061576576576577,-77.04714054054055
29_11,-12.061576576576577,-77.04623963963965
29_12,-12.061576576576577,-77.04533873873875
29_13,-12.061576576576577,-77.04443783783785
29_14,-12.061576576576577,-77.04353693693695
29_15,-12.061576576576577,-77.04263603603604
29_16,-12.061576576576577,-77.04173513513514
29_17,-12.061576576576577,-77.04083423423424
29_18,-12.061576576576577,-77.03993333333334
29_19,-12.061576576576577,-77.03903243243244
29_20,-12.061576576576577,-77.03813153153155
29_21,-12.061576576576577,-77.03723063063065
29_22,-12.061576576576577,-77.03632972972974
29_23,-12.061576576576577,-77.03542882882884
29_24,-12.061576576576577,-77.03452792792794
29_25,-12.061576576576577,-77.03362702702704
29_26,-12.061576576576577,-77.03272612612614
29_27,-12.061576576576577,-77.03182522522523
29_28,-12.061576576576577,-77.03092432432433
30_00,-12.062477477477477,-77.05614954954956
30_01,-12.062477477477477,-77.05524864864866
30_02,-12.062477477477477,-77.05434774774776
30_03,-12.062477477477477,-77.05344684684685
30_04,-12.062477477477477,-77.05254594594595
30_05,-12.062477477477477,-77.05164504504505
30_06,-12.062477477477477,-77.05074414414415
30_07,-12.062477477477477,-77.04984324324326
30_08,-12.062477477477477,-77.04894234234236
30_09,-12.062477477477477,-77.04804144144146
30_10,-12.062477477477477,-77.04714054054055
30_11,-12.062477477477477,-77.04623963963965
30_12,-12.062477477477477,-77.04533873873875
30_13,-12.062477477477477,-77.04443783783785
30_14,-12.062477477477477,-77.04353693693695
30_15,-12.062477477477477,-77.04263603603604
30_16,-12.062477477477477,-77.04173513513514
30_17,-12.062477477477477,-77.04083423423424
30_18,-12.062477477477477,-77.03993333333334
30_19,-12.062477477477477,-77.03903243243244
30_20,-12.062477477477477,-77.03813153153155
30_21,-12.062477477477477,-77.03723063063065
30_22,-12.062477477477477,-77.03632972972974
30_23,-12.062477477477477,-77.03542882882884
30_24,-12.062477477477477,-77.03452792792794
30_25,-12.062477477477477,-77.03362702702704
30_26,-12.062477477477477,-77.03272612612614
30_27,-12.062477477477477,-77.03182522522523
30_28,-12.062477477477477,-77.03092432432433
31_00,-12.06337837837838,-77.05614954954956
31_01,-12.06337837837838,-77.05524864864866
31_02,-12.06337837837838,-77.05434774774776
31_03,-12.06337837837838,-77.05344684684685
31_04,-12.06337837837838,-77.05254594594595
31_05,-12.06337837837838,-77.05164504504505
31_06,-12.06337837837838,-77.05074414414415
31_07,-12.06337837837838,-77.04984324324326
31_08,-12.06337837837838,-77.04894234234236
31_09,-12.06337837837838,-77.04804144144146
31_10,-12.06337837837838,-77.04714054054055
31_11,-12.06337837837838,-77.04623963963965
31_12,-12.06337837837838,-77.04533873873875
31_13,-12.06337837837838,-77.04443783783785
31_14,-12.06337837837838,-77.04353693693695
31_15,-12.06337837837838,-77.04263603603604
31_16,-12.06337837837838,-77.04173513513514
31_17,-12.06337837837838,-77.04083423423424
31_18,-12.06337837837838,-77.03993333333334
31_19,-12.06337837837838,-77.03903243243244
31_20,-12.06337837837838,-77.03813153153155
31_21,-12.06337837837838,-77.03723063063065
31_22,-12.06337837837838,-77.03632972972974
31_23,-12.06337837837838,-77.03542882882884
31_24,-12.06337837837838,-77.03452792792794
31_25,-12.06337837837838,-77.03362702702704
31_26,-12.06337837837838,-77.03272612612614
31_27,-12.06337837837838,-77.03182522522523
31_28,-12.06337837837838,-77.03092432432433
32_00,-12.06427927927928,-77.05614954954956
32_01,-12.06427927927928,-77.05524864864866
32_02,-12.06427927927928,-77.05434774774776
32_03,-12.06427927927928,-77.05344684684685
32_04,-12.06427927927928,-77.05254594594595
32_05,-12.06427927927928,-77.05164504504505
32_06,-12.06427927927928,-77.05074414414415
32_07,-12.06427927927928,-77.04984324324326
32_08,-12.06427927927928,-77.04894234234236
32_09,-12.06427927927928,-77.04804144144146
32_10,-12.06427927927928,-77.04714054054055
32_11,-12.06427927927928,-77.04623963963965
32_12,-12.06427927927928,-77.04533873873875
32_13,-12.06427927927928,-77.04443783783785
32_14,-12.06427927927928,-77.04353693693695
32_15,-12.06427927927928,-77.04263603603604
32_16,-12.06427927927928,-77.04173513513514
32_17,-12.06427927927928,-77.04083423423424
32_18,-12.06427927927928,-77.03993333333334
32_19,-12.06427927927928,-77.03903243243244
32_20,-12.06427927927928,-77.03813153153155
32_21,-12.06427927927928,-77.03723063063065
32_22,-12.06427927927928,-77.03632972972974
32_23,-12.06427927927928,-77.03542882882884
32_24,-12.06427927927928,-77.03452792792794
32_25,-12.06427927927928,-77.03362702702704
32_26,-12.06427927927928,-77.03272612612614
32_27,-12.06427927927928,-77.03182522522523
32_28,-12.06427927927928,-77.03092432432433
33_00,-12.065180180180182,-77.05614954954956
33_01,-12.065180180180182,-77.05524864864866
33_02,-12.065180180180182,-77.05434774774776
33_03,-12.065180180180182,-77.05344684684685
33_04,-12.065180180180182,-77.05254594594595
33_05,-12.065180180180182,-77.05164504504505
33_06,-12.065180180180182,-77.05074414414415
33_07,-12.065180180180182,-77.04984324324326
33_08,-12.065180180180182,-77.04894234234236
33_09,-12.065180180180182,-77.04804144144146
33_10,-12.065180180180182,-77.04714054054055
33_11,-12.065180180180182,-77.04623963963965
33_12,-12.065180180180182,-77.04533873873875
33_13,-12.065180180180182,-77.04443783783785
33_14,-12.065180180180182,-77.04353693693695
33_15,-12.065180180180182,-77.04263603603604
33_16,-12.065180180180182,-77.04173513513514
33_17,-12.065180180180182,-77.04083423423424
33_18,-12.065180180180182,-77.03993333333334
33_19,-12.065180180180182,-77.03903243243244
33_20,-12.065180180180182,-77.03813153153155
33_21,-12.065180180180182,-77.03723063063065
33_22,-12.065180180180182,-77.03632972972974
33_23,-12.065180180180182,-77.03542882882884
33_24,-12.065180180180182,-77.03452792792794
33_25,-12.065180180180182,-77.03362702702704
33_26,-12.065180180180182,-77.03272612612614
33_27,-12.065180180180182,-77.03182522522523
33_28,-12.065180180180182,-77.03092432432433
34_00,-12.066081081081082,-77.05614954954956
34_01,-12.066081081081082,-77.05524864864866
34_02,-12.066081081081082,-77.05434774774776
34_03,-12.066081081081082,-77.05344684684685
34_04,-12.066081081081082,-77.05254594594595
34_05,-12.066081081081082,-77.05164504504505
34_06,-12.066081081081082,-77.05074414414415
34_07,-12.066081081081082,-77.04984324324326
34_08,-12.066081081081082,-77.04894234234236
34_09,-12.066081081081082,-77.04804144144146
34_10,-12.066081081081082,-77.04714054054055
34_11,-12.066081081081082,-77.04623963963965
34_12,-12.066081081081082,-77.04533873873875
34_13,-12.066081081081082,-77.04443783783785
34_14,-12.066081081081082,-77.04353693693695
34_15,-12.066081081081082,-77.04263603603604
34_16,-12.066081081081082,-77.04173513513514
34_17,-12.066081081081082,-77.04083423423424
34_18,-12.066081081081082,-77.03993333333334
34_19,-12.066081081081082,-77.03903243243244
34_20,-12.066081081081082,-77.03813153153155
34_21,-12.066081081081082,-77.03723063063065
34_22,-12.066081081081082,-77.03632972972974
34_23,-12.066081081081082,-77.03542882882884
34_24,-12.066081081081082,-77.03452792792794
34_25,-12.066081081081082,-77.03362702702704
34_26,-12.066081081081082,-77.03272612612614
34_27,-12.066081081081082,-77.03182522522523
34_28,-12.066081081081082,-77.03092432432433
35_00,-12.066981981981982,-77.05614954954956
35_01,-12.066981981981982,-77.05524864864866
35_02,-12.066981981981982,-77.05434774774776
35_03,-12.066981981981982,-77.05344684684685
35_04,-12.066981981981982,-77.05254594594595
35_05,-12.066981981981982,-77.05164504504505
35_06,-12.066981981981982,-77.05074414414415
35_07,-12.066981981981982,-77.04984324324326
35_08,-12.066981981981982,-77.04894234234236
35_09,-12.066981981981982,-77.04804144144146
35_10,-12.066981981981982,-77.04714054054055
35_11,-12.066981981981982,-77.04623963963965
35_12,-12.066981981981982,-77.04533873873875
35_13,-12.066981981981982,-77.04443783783785
35_14,-12.066981981981982,-77.04353693693695
35_15,-12.066981981981982,-77.04263603603604
35_16,-12.066981981981982,-77.04173513513514
35_17,-12.066981981981982,-77.04083423423424
35_18,-12.066981981981982,-77.03993333333334
35_19,-12.066981981981982,-77.03903243243244
35_20,-12.066981981981982,-77.03813153153155
35_21,-12.066981981981982,-77.03723063063065
35_22,-12.066981981981982,-77.03632972972974
35_23,-12.066981981981982,-77.03542882882884
35_24,-12.066981981981982,-77.03452792792794
35_25,-12.066981981981982,-77.03362702702704
35_26,-12.066981981981982,-77.03272612612614
35_27,-12.066981981981982,-77.03182522522523
35_28,-12.066981981981982,-77.03092432432433
36_00,-12.067882882882884,-77.05614954954956
36_01,-12.067882882882884,-77.05524864864866
36_02,-12.067882882882884,-77.05434774774776
36_03,-12.067882882882884,-77.05344684684685
36_04,-12.067882882882884,-77.05254594594595
36_05,-12.067882882882884,-77.05164504504505
36_06,-12.067882882882884,-77.05074414414415
36_07,-12.067882882882884,-77.04984324324326
36_08,-12.067882882882884,-77.04894234234236
36_09,-12.067882882882884,-77.04804144144146
36_10,-12.067882882882884,-77.04714054054055
36_11,-12.067882882882884,-77.04623963963965
36_12,-12.067882882882884,-77.04533873873875
36_13,-12.067882882882884,-77.04443783783785
36_14,-12.067882882882884,-77.04353693693695
36_15,-12.067882882882884,-77.04263603603604
36_16,-12.067882882882884,-77.04173513513514
36_17,-12.067882882882884,-77.04083423423424
36_18,-12.067882882882884,-77.03993333333334
36_19,-12.067882882882884,-77.03903243243244
36_20,-12.067882882882884,-77.03813153153155
36_21,-12.067882882882884,-77.03723063063065
36_22,-12.067882882882884,-77.03632972972974
36_23,-12.067882882882884,-77.03542882882884
36_24,-12.067882882882884,-77.03452792792794
36_25,-12.067882882882884,-77.03362702702704
36_26,-12.067882882882884,-77.03272612612614
36_27,-12.067882882882884,-77.03182522522523
36_28,-12.067882882882884,-77.03092432432433
37_00,-12.068783783783784,-77.05614954954956
37_01,-12.068783783783784,-77.05524864864866
37_02,-12.068783783783784,-77.05434774774776
37_03,-12.068783783783784,-77.05344684684685
37_04,-12.068783783783784,-77.05254594594595
37_05,-12.068783783783784,-77.05164504504505
37_06,-12.068783783783784,-77.05074414414415
37_07,-12.068783783783784,-77.04984324324326
37_08,-12.068783783783784,-77.04894234234236
37_09,-12.068783783783784,-77.04804144144146
37_10,-12.068783783783784,-77.04714054054055
37_11,-12.068783783783784,-77.04623963963965
37_12,-12.068783783783784,-77.04533873873875
37_13,-12.068783783783784,-77.04443783783785
37_14,-12.068783783783784,-77.04353693693695
37_15,-12.068783783783784,-77.04263603603604
37_16,-12.068783783783784,-77.04173513513514
37_17,-12.068783783783784,-77.04083423423424
37_18,-12.068783783783784,-77.03993333333334
37_19,-12.068783783783784,-77.03903243243244
37_20,-12.068783783783784,-77.03813153153155
37_21,-12.068783783783784,-77.03723063063065
37_22,-12.068783783783784,-77.03632972972974
37_23,-12.068783783783784,-77.03542882882884
37_24,-12.068783783783784,-77.03452792792794
37_25,-12.068783783783784,-77.03362702702704
37_26,-12.068783783783784,-77.03272612612614
37_27,-12.068783783783784,-77.03182522522523
37_28,-12.068783783783784,-77.03092432432433
38_00,-12.069684684684685,-77.05614954954956
38_01,-12.069684684684685,-77.05524864864866
38_02,-12.069684684684685,-77.05434774774776
38_03,-12.069684684684685,-77.05344684684685
38_04,-12.069684684684685,-77.05254594594595
38_05,-12.069684684684685,-77.05164504504505
38_06,-12.069684684684685,-77.05074414414415
38_07,-12.069684684684685,-77.04984324324326
38_08,-12.069684684684685,-77.04894234234236
38_09,-12.069684684684685,-77.04804144144146
38_10,-12.069684684684685,-77.04714054054055
38_11,-12.069684684684685,-77.04623963963965
38_12,-12.069684684684685,-77.04533873873875
38_13,-12.069684684684685,-77.04443783783785
38_14,-12.069684684684685,-77.04353693693695
38_15,-12.069684684684685,-77.04263603603604
38_16,-12.069684684684685,-77.04173513513514
38_17,-12.069684684684685,-77.04083423423424
38_18,-12.069684684684685,-77.03993333333334
38_19,-12.069684684684685,-77.03903243243244
38_20,-12.069684684684685,-77.03813153153155
38_21,-12.069684684684685,-77.03723063063065
38_22,-12.069684684684685,-77.03632972972974
38_23,-12.069684684684685,-77.03542882882884
38_24,-12.069684684684685,-77.03452792792794
38_25,-12.069684684684685,-77.03362702702704
38_26,-12.069684684684685,-77.03272612612614
38_27,-12.069684684684685,-77.03182522522523
38_28,-12.069684684684685,-77.03092432432433
39_00,-12.070585585585587,-77.05614954954956
39_01,-12.070585585585587,-77.05524864864866
39_02,-12.070585585585587,-77.05434774774776
39_03,-12.070585585585587,-77.05344684684685
39_04,-12.070585585585587,-77.05254594594595
39_05,-12.070585585585587,-77.05164504504505
39_06,-12.070585585585587,-77.05074414414415
39_07,-12.070585585585587,-77.04984324324326
39_08,-12.070585585585587,-77.04894234234236
39_09,-12.070585585585587,-77.04804144144146
39_10,-12.070585585585587,-77.04714054054055
39_11,-12.070585585585587,-77.04623963963965
39_12,-12.070585585585587,-77.04533873873875
39_13,-12.070585585585587,-77.04443783783785
39_14,-12.070585585585587,-77.04353693693695
39_15,-12.070585585585587,-77.04263603603604
39_16,-12.070585585585587,-77.04173513513514
39_17,-12.070585585585587,-77.04083423423424
39_18,-12.070585585585587,-77.03993333333334
39_19,-12.070585585585587,-77.03903243243244
39_20,-12.070585585585587,-77.03813153153155
39_21,-12.070585585585587,-77.03723063063065
39_22,-12.070585585585587,-77.03632972972974
39_23,-12.070585585585587,-77.03542882882884
39_24,-12.070585585585587,-77.03452792792794
39_25,-12.070585585585587,-77.03362702702704
39_26,-12.070585585585587,-77.03272612612614
39_27,-12.070585585585587,-77.03182522522523
39_28,-12.070585585585587,-77.03092432432433
40_00,-12.071486486486487,-77.05614954954956
40_01,-12.071486486486487,-77.05524864864866
40_02,-12.071486486486487,-77.05434774774776
40_03,-12.071486486486487,-77.05344684684685
40_04,-12.071486486486487,-77.05254594594595
40_05,-12.071486486486487,-77.05164504504505
40_06,-12.071486486486487,-77.05074414414415
40_07,-12.071486486486487,-77.04984324324326
40_08,-12.071486486486487,-77.04894234234236
40_09,-12.071486486486487,-77.04804144144146
40_10,-12.071486486486487,-77.04714054054055
40_11,-12.071486486486487,-77.04623963963965
40_12,-12.071486486486487,-77.04533873873875
40_13,-12.071486486486487,-77.04443783783785
40_14,-12.071486486486487,-77.04353693693695
40_15,-12.071486486486487,-77.04263603603604
40_16,-12.071486486486487,-77.04173513513514
40_17,-12.071486486486487,-77.04083423423424
40_18,-12.071486486486487,-77.03993333333334
40_19,-12.071486486486487,-77.03903243243244
40_20,-12.071486486486487,-77.03813153153155
40_21,-12.071486486486487,-77.03723063063065
40_22,-12.071486486486487,-77.03632972972974
40_23,-12.071486486486487,-77.03542882882884
40_24,-12.071486486486487,-77.03452792792794
40_25,-12.071486486486487,-77.03362702702704
40_26,-12.071486486486487,-77.03272612612614
40_27,-12.071486486486487,-77.03182522522523
40_28,-12.071486486486487,-77.03092432432433
41_00,-12.072387387387389,-77.05614954954956
41_01,-12.072387387387389,-77.05524864864866
41_02,-12.072387387387389,-77.05434774774776
41_03,-12.072387387387389,-77.05344684684685
41_04,-12.072387387387389,-77.05254594594595
41_05,-12.072387387387389,-77.05164504504505
41_06,-12.072387387387389,-77.05074414414415
41_07,-12.072387387387389,-77.04984324324326
41_08,-12.072387387387389,-77.04894234234236
41_09,-12.072387387387389,-77.04804144144146
41_10,-12.072387387387389,-77.04714054054055
41_11,-12.072387387387389,-77.04623963963965
41_12,-12.072387387387389,-77.04533873873875
41_13,-12.072387387387389,-77.04443783783785
41_14,-12.072387387387389,-77.04353693693695
41_15,-12.072387387387389,-77.04263603603604
41_16,-12.072387387387389,-77.04173513513514
41_17,-12.072387387387389,-77.04083423423424
41_18,-12.072387387387389,-77.03993333333334
41_19,-12.072387387387389,-77.03903243243244
41_20,-12.072387387387389,-77.03813153153155
41_21,-12.072387387387389,-77.03723063063065
41_22,-12.072387387387389,-77.03632972972974
41_23,-12.072387387387389,-77.03542882882884
41_24,-12.072387387387389,-77.03452792792794
41_25,-12.072387387387389,-77.03362702702704
41_26,-12.072387387387389,-77.03272612612614
41_27,-12.072387387387389,-77.03182522522523
41_28,-12.072387387387389,-77.03092432432433
42_00,-12.073288288288289,-77.05614954954956
42_01,-12.073288288288289,-77.05524864864866
42_02,-12.073288288288289,-77.05434774774776
42_03,-12.073288288288289,-77.05344684684685
42_04,-12.073288288288289,-77.05254594594595
42_05,-12.073288288288289,-77.05164504504505
42_06,-12.073288288288289,-77.05074414414415
42_07,-12.073288288288289,-77.04984324324326
42_08,-12.073288288288289,-77.04894234234236
42_09,-12.073288288288289,-77.04804144144146
42_10,-12.073288288288289,-77.04714054054055
42_11,-12.073288288288289,-77.04623963963965
42_12,-12.073288288288289,-77.04533873873875
42_13,-12.073288288288289,-77.04443783783785
42_14,-12.073288288288289,-77.04353693693695
42_15,-12.073288288288289,-77.04263603603604
42_16,-12.073288288288289,-77.04173513513514
42_17,-12.073288288288289,-77.04083423423424
42_18,-12.073288288288289,-77.03993333333334
42_19,-12.073288288288289,-77.03903243243244
42_20,-12.073288288288289,-77.03813153153155
42_21,-12.073288288288289,-77.03723063063065
42_22,-12.073288288288289,-77.03632972972974
42_23,-12.073288288288289,-77.03542882882884
42_24,-12.073288288288289,-77.03452792792794
42_25,-12.073288288288289,-77.03362702702704
42_26,-12.073288288288289,-77.03272612612614
42_27,-12.073288288288289,-77.03182522522523
42_28,-12.073288288288289,-77.03092432432433
43_00,-12.07418918918919,-77.05614954954956
43_01,-12.07418918918919,-77.05524864864866
43_02,-12.07418918918919,-77.05434774774776
43_03,-12.07418918918919,-77.05344684684685
43_04,-12.07418918918919,-77.05254594594595
43_05,-12.07418918918919,-77.05164504504505
43_06,-12.07418918918919,-77.05074414414415
43_07,-12.07418918918919,-77.04984324324326
43_08,-12.07418918918919,-77.04894234234236
43_09,-12.07418918918919,-77.04804144144146
43_10,-12.07418918918919,-77.04714054054055
43_11,-12.07418918918919,-77.04623963963965
43_12,-12.07418918918919,-77.04533873873875
43_13,-12.07418918918919,-77.04443783783785
43_14,-12.07418918918919,-77.04353693693695
43_15,-12.07418918918919,-77.04263603603604
43_16,-12.07418918918919,-77.04173513513514
43_17,-12.07418918918919,-77.04083423423424
43_18,-12.07418918918919,-77.03993333333334
43_19,-12.07418918918919,-77.03903243243244
43_20,-12.07418918918919,-77.03813153153155
43_21,-12.07418918918919,-77.03723063063065
43_22,-12.07418918918919,-77.03632972972974
43_23,-12.07418918918919,-77.03542882882884
43_24,-12.07418918918919,-77.03452792792794
43_25,-12.07418918918919,-77.03362702702704
43_26,-12.07418918918919,-77.03272612612614
43_27,-12.07418918918919,-77.03182522522523
43_28,-12.07418918918919,-77.03092432432433
44_00,-12.075090090090091,-77.05614954954956
44_01,-12.075090090090091,-77.05524864864866
44_02,-12.075090090090091,-77.05434774774776
44_03,-12.075090090090091,-77.05344684684685
44_04,-12.075090090090091,-77.05254594594595
44_05,-12.075090090090091,-77.05164504504505
44_06,-12.075090090090091,-77.05074414414415
44_07,-12.075090090090091,-77.04984324324326
44_08,-12.075090090090091,-77.04894234234236
44_09,-12.075090090090091,-77.04804144144146
44_10,-12.075090090090091,-77.04714054054055
44_11,-12.075090090090091,-77.04623963963965
44_12,-12.075090090090091,-77.04533873873875
44_13,-12.075090090090091,-77.04443783783785
44_14,-12.075090090090091,-77.04353693693695
44_15,-12.075090090090091,-77.04263603603604
44_16,-12.075090090090091,-77.04173513513514
44_17,-12.075090090090091,-77.04083423423424
44_18,-12.075090090090091,-77.03993333333334
44_19,-12.075090090090091,-77.03903243243244
44_20,-12.075090090090091,-77.03813153153155
44_21,-12.075090090090091,-77.03723063063065
44_22,-12.075090090090091,-77.03632972972974
44_23,-12.075090090090091,-77.03542882882884
44_24,-12.075090090090091,-77.03452792792794
44_25,-12.075090090090091,-77.03362702702704
44_26,-12.075090090090091,-77.03272612612614
44_27,-12.075090090090091,-77.03182522522523
44_28,-12.075090090090091,-77.03092432432433
45_00,-12.075990990990991,-77.05614954954956
45_01,-12.075990990990991,-77.05524864864866
45_02,-12.075990990990991,-77.05434774774776
45_03,-12.075990990990991,-77.05344684684685
45_04,-12.075990990990991,-77.05254594594595
45_05,-12.075990990990991,-77.05164504504505
45_06,-12.075990990990991,-77.05074414414415
45_07,-12.075990990990991,-77.04984324324326
45_08,-12.075990990990991,-77.04894234234236
45_09,-12.075990990990991,-77.04804144144146
45_10,-12.075990990990991,-77.04714054054055
45_11,-12.075990990990991,-77.04623963963965
45_12,-12.075990990990991,-77.04533873873875
45_13,-12.075990990990991,-77.04443783783785
45_14,-12.075990990990991,-77.04353693693695
45_15,-12.075990990990991,-77.04263603603604
45_16,-12.075990990990991,-77.04173513513514
45_17,-12.075990990990991,-77.04083423423424
45_18,-12.075990990990991,-77.03993333333334
45_19,-12.075990990990991,-77.03903243243244
45_20,-12.075990990990991,-77.03813153153155
45_21,-12.075990990990991,-77.03723063063065
45_22,-12.075990990990991,-77.03632972972974
45_23,-12.075990990990991,-77.03542882882884
45_24,-12.075990990990991,-77.03452792792794
45_25,-12.075990990990991,-77.03362702702704
45_26,-12.075990990990991,-77.03272612612614
45_27,-12.075990990990991,-77.03182522522523
45_28,-12.075990990990991,-77.03092432432433
46_00,-12.076891891891892,-77.05614954954956
46_01,-12.076891891891892,-77.05524864864866
46_02,-12.076891891891892,-77.05434774774776
46_03,-12.076891891891892,-77.05344684684685
46_04,-12.076891891891892,-77.05254594594595
46_05,-12.076891891891892,-77.05164504504505
46_06,-12.076891891891892,-77.05074414414415
46_07,-12.076891891891892,-77.04984324324326
46_08,-12.076891891891892,-77.04894234234236
46_09,-12.076891891891892,-77.04804144144146
46_10,-12.076891891891892,-77.04714054054055
46_11,-12.076891891891892,-77.04623963963965
46_12,-12.076891891891892,-77.04533873873875
46_13,-12.076891891891892,-77.04443783783785
46_14,-12.076891891891892,-77.04353693693695
46_15,-12.076891891891892,-77.04263603603604
46_16,-12.076891891891892,-77.04173513513514
46_17,-12.076891891891892,-77.04083423423424
46_18,-12.076891891891892,-77.03993333333334
46_19,-12.076891891891892,-77.03903243243244
46_20,-12.076891891891892,-77.03813153153155
46_21,-12.076891891891892,-77.03723063063065
46_22,-12.076891891891892,-77.03632972972974
46_23,-12.076891891891892,-77.03542882882884
46_24,-12.076891891891892,-77.03452792792794
46_25,-12.076891891891892,-77.03362702702704
46_26,-12.076891891891892,-77.03272612612614
46_27,-12.076891891891892,-77.03182522522523
46_28,-12.076891891891892,-77.03092432432433
47_00,-12.077792792792794,-77.05614954954956
47_01,-12.077792792792794,-77.05524864864866
47_02,-12.077792792792794,-77.05434774774776
47_03,-12.077792792792794,-77.05344684684685
47_04,-12.077792792792794,-77.05254594594595
47_05,-12.077792792792794,-77.05164504504505
47_06,-12.077792792792794,-77.05074414414415
47_07,-12.077792792792794,-77.04984324324326
47_08,-12.077792792792794,-77.04894234234236
47_09,-12.077792792792794,-77.04804144144146
47_10,-12.077792792792794,-77.04714054054055
47_11,-12.077792792792794,-77.04623963963965
47_12,-12.077792792792794,-77.04533873873875
47_13,-12.077792792792794,-77.04443783783785
47_14,-12.077792792792794,-77.04353693693695
47_15,-12.077792792792794,-77.04263603603604
47_16,-12.077792792792794,-77.04173513513514
47_17,-12.077792792792794,-77.04083423423424
47_18,-12.077792792792794,-77.03993333333334
47_19,-12.077792792792794,-77.03903243243244
47_20,-12.077792792792794,-77.03813153153155
47_21,-12.077792792792794,-77.03723063063065
47_22,-12.077792792792794,-77.03632972972974
47_23,-12.077792792792794,-77.03542882882884
47_24,-12.077792792792794,-77.03452792792794
47_25,-12.077792792792794,-77.03362702702704
47_26,-12.077792792792794,-77.03272612612614
47_27,-12.077792792792794,-77.03182522522523
47_28,-12.077792792792794,-77.03092432432433
48_00,-12.078693693693694,-77.05614954954956
48_01,-12.078693693693694,-77.05524864864866
48_02,-12.078693693693694,-77.05434774774776
48_03,-12.078693693693694,-77.05344684684685
48_04,-12.078693693693694,-77.05254594594595
48_05,-12.078693693693694,-77.05164504504505
48_06,-12.078693693693694,-77.05074414414415
48_07,-12.078693693693694,-77.04984324324326
48_08,-12.078693693693694,-77.04894234234236
48_09,-12.078693693693694,-77.04804144144146
48_10,-12.078693693693694,-77.04714054054055
48_11,-12.078693693693694,-77.04623963963965
48_12,-12.078693693693694,-77.04533873873875
48_13,-12.078693693693694,-77.04443783783785
48_14,-12.078693693693694,-77.04353693693695
48_15,-12.078693693693694,-77.04263603603604
48_16,-12.078693693693694,-77.04173513513514
48_17,-12.078693693693694,-77.04083423423424
48_18,-12.078693693693694,-77.03993333333334
48_19,-12.078693693693694,-77.03903243243244
48_20,-12.078693693693694,-77.03813153153155
48_21,-12.078693693693694,-77.03723063063065
48_22,-12.078693693693694,-77.03632972972974
48_23,-12.078693693693694,-77.03542882882884
48_24,-12.078693693693694,-77.03452792792794
48_25,-12.078693693693694,-77.03362702702704
48_26,-12.078693693693694,-77.03272612612614
48_27,-12.078693693693694,-77.03182522522523
48_28,-12.078693693693694,-77.03092432432433
49_00,-12.079594594594596,-77.05614954954956
49_01,-12.079594594594596,-77.05524864864866
49_02,-12.079594594594596,-77.05434774774776
49_03,-12.079594594594596,-77.05344684684685
49_04,-12.079594594594596,-77.05254594594595
49_05,-12.079594594594596,-77.05164504504505
49_06,-12.079594594594596,-77.05074414414415
49_07,-12.079594594594596,-77.04984324324326
49_08,-12.079594594594596,-77.04894234234236
49_09,-12.079594594594596,-77.04804144144146
49_10,-12.079594594594596,-77.04714054054055
49_11,-12.079594594594596,-77.04623963963965
49_12,-12.079594594594596,-77.04533873873875
49_13,-12.079594594594596,-77.04443783783785
49_14,-12.079594594594596,-77.04353693693695
49_15,-12.079594594594596,-77.04263603603604
49_16,-12.079594594594596,-77.04173513513514
49_17,-12.079594594594596,-77.04083423423424
49_18,-12.079594594594596,-77.03993333333334
49_19,-12.079594594594596,-77.03903243243244
49_20,-12.079594594594596,-77.03813153153155
49_21,-12.079594594594596,-77.03723063063065
49_22,-12.079594594594596,-77.03632972972974
49_23,-12.079594594594596,-77.03542882882884
49_24,-12.079594594594596,-77.03452792792794
49_25,-12.079594594594596,-77.03362702702704
49_26,-12.079594594594596,-77.03272612612614
49_27,-12.079594594594596,-77.03182522522523
49_28,-12.079594594594596,-77.03092432432433
50_00,-12.080495495495496,-77.05614954954956
50_01,-12.080495495495496,-77.05524864864866
50_02,-12.080495495495496,-77.05434774774776
50_03,-12.080495495495496,-77.05344684684685
50_04,-12.080495495495496,-77.05254594594595
50_05,-12.080495495495496,-77.05164504504505
50_06,-12.080495495495496,-77.05074414414415
50_07,-12.080495495495496,-77.04984324324326
50_08,-12.080495495495496,-77.04894234234236
50_09,-12.080495495495496,-77.04804144144146
50_10,-12.080495495495496,-77.04714054054055
50_11,-12.080495495495496,-77.04623963963965
50_12,-12.080495495495496,-77.04533873873875
50_13,-12.080495495495496,-77.04443783783785
50_14,-12.080495495495496,-77.04353693693695
50_15,-12.080495495495496,-77.04263603603604
50_16,-12.080495495495496,-77.04173513513514
50_17,-12.080495495495496,-77.04083423423424
50_18,-12.080495495495496,-77.03993333333334
50_19,-12.080495495495496,-77.03903243243244
50_20,-12.080495495495496,-77.03813153153155
50_21,-12.080495495495496,-77.03723063063065
50_22,-12.080495495495496,-77.03632972972974
50_23,-12.080495495495496,-77.03542882882884
50_24,-12.080495495495496,-77.03452792792794
50_25,-12.080495495495496,-77.03362702702704
50_26,-12.080495495495496,-77.03272612612614
50_27,-12.080495495495496,-77.03182522522523
50_28,-12.080495495495496,-77.03092432432433
51_00,-12.081396396396396,-77.05614954954956
51_01,-12.081396396396396,-77.05524864864866
51_02,-12.081396396396396,-77.05434774774776
51_03,-12.081396396396396,-77.05344684684685
51_04,-12.081396396396396,-77.05254594594595
51_05,-12.081396396396396,-77.05164504504505
51_06,-12.081396396396396,-77.05074414414415
51_07,-12.081396396396396,-77.04984324324326
51_08,-12.081396396396396,-77.04894234234236
51_09,-12.081396396396396,-77.04804144144146
51_10,-12.081396396396396,-77.04714054054055
51_11,-12.081396396396396,-77.04623963963965
51_12,-12.081396396396396,-77.04533873873875
51_13,-12.081396396396396,-77.04443783783785
51_14,-12.081396396396396,-77.04353693693695
51_15,-12.081396396396396,-77.04263603603604
51_16,-12.081396396396396,-77.04173513513514
51_17,-12.081396396396396,-77.04083423423424
51_18,-12.081396396396396,-77.03993333333334
51_19,-12.081396396396396,-77.03903243243244
51_20,-12.081396396396396,-77.03813153153155
51_21,-12.081396396396396,-77.03723063063065
51_22,-12.081396396396396,-77.03632972972974
51_23,-12.081396396396396,-77.03542882882884
51_24,-12.081396396396396,-77.03452792792794
51_25,-12.081396396396396,-77.03362702702704
51_26,-12.081396396396396,-77.03272612612614
51_27,-12.081396396396396,-77.03182522522523
51_28,-12.081396396396396,-77.03092432432433
52_00,-12.082297297297298,-77.05614954954956
52_01,-12.082297297297298,-77.05524864864866
52_02,-12.082297297297298,-77.05434774774776
52_03,-12.082297297297298,-77.05344684684685
52_04,-12.082297297297298,-77.05254594594595
52_05,-12.082297297297298,-77.05164504504505
52_06,-12.082297297297298,-77.05074414414415
52_07,-12.082297297297298,-77.04984324324326
52_08,-12.082297297297298,-77.04894234234236
52_09,-12.082297297297298,-77.04804144144146
52_10,-12.082297297297298,-77.04714054054055
52_11,-12.082297297297298,-77.04623963963965
52_12,-12.082297297297298,-77.04533873873875
52_13,-12.082297297297298,-77.04443783783785
52_14,-12.082297297297298,-77.04353693693695
52_15,-12.082297297297298,-77.04263603603604
52_16,-12.082297297297298,-77.04173513513514
52_17,-12.082297297297298,-77.04083423423424
52_18,-12.082297297297298,-77.03993333333334
52_19,-12.082297297297298,-77.03903243243244
52_20,-12.082297297297298,-77.03813153153155
52_21,-12.082297297297298,-77.03723063063065
52_22,-12.082297297297298,-77.03632972972974
52_23,-12.082297297297298,-77.03542882882884
52_24,-12.082297297297298,-77.03452792792794
52_25,-12.082297297297298,-77.03362702702704
52_26,-12.082297297297298,-77.03272612612614
52_27,-12.082297297297298,-77.03182522522523
52_28,-12.082297297297298,-77.03092432432433
53_00,-12.083198198198199,-77.05614954954956
53_01,-12.083198198198199,-77.05524864864866
53_02,-12.083198198198199,-77.05434774774776
53_03,-12.083198198198199,-77.05344684684685
53_04,-12.083198198198199,-77.05254594594595
53_05,-12.083198198198199,-77.05164504504505
53_06,-12.083198198198199,-77.05074414414415
53_07,-12.083198198198199,-77.04984324324326
53_08,-12.083198198198199,-77.04894234234236
53_09,-12.083198198198199,-77.04804144144146
53_10,-12.083198198198199,-77.04714054054055
53_11,-12.083198198198199,-77.04623963963965
53_12,-12.083198198198199,-77.04533873873875
53_13,-12.083198198198199,-77.04443783783785
53_14,-12.083198198198199,-77.04353693693695
53_15,-12.083198198198199,-77.04263603603604
53_16,-12.083198198198199,-77.04173513513514
53_17,-12.083198198198199,-77.04083423423424
53_18,-12.083198198198199,-77.03993333333334
53_19,-12.083198198198199,-77.03903243243244
53_20,-12.083198198198199,-77.03813153153155
53_21,-12.083198198198199,-77.03723063063065
53_22,-12.083198198198199,-77.03632972972974
53_23,-12.083198198198199,-77.03542882882884
53_24,-12.083198198198199,-77.03452792792794
53_25,-12.083198198198199,-77.03362702702704
53_26,-12.083198198198199,-77.03272612612614
53_27,-12.083198198198199,-77.03182522522523
53_28,-12.083198198198199,-77.03092432432433
54_00,-12.0840990990991,-77.05614954954956
54_01,-12.0840990990991,-77.05524864864866
54_02,-12.0840990990991,-77.05434774774776
54_03,-12.0840990990991,-77.05344684684685
54_04,-12.0840990990991,-77.05254594594595
54_05,-12.0840990990991,-77.05164504504505
54_06,-12.0840990990991,-77.05074414414415
54_07,-12.0840990990991,-77.04984324324326
54_08,-12.0840990990991,-77.04894234234236
54_09,-12.0840990990991,-77.04804144144146
54_10,-12.0840990990991,-77.04714054054055
54_11,-12.0840990990991,-77.04623963963965
54_12,-12.0840990990991,-77.04533873873875
54_13,-12.0840990990991,-77.04443783783785
54_14,-12.0840990990991,-77.04353693693695
54_15,-12.0840990990991,-77.04263603603604
54_16,-12.0840990990991,-77.04173513513514
54_17,-12.0840990990991,-77.04083423423424
54_18,-12.0840990990991,-77.03993333333334
54_19,-12.0840990990991,-77.03903243243244
54_20,-12.0840990990991,-77.03813153153155
54_21,-12.0840990990991,-77.03723063063065
54_22,-12.0840990990991,-77.03632972972974
54_23,-12.0840990990991,-77.03542882882884
54_24,-12.0840990990991,-77.03452792792794
54_25,-12.0840990990991,-77.03362702702704
54_26,-12.0840990990991,-77.03272612612614
54_27,-12.0840990990991,-77.03182522522523
54_28,-12.0840990990991,-77.03092432432433
55_00,-12.085,-77.05614954954956
55_01,-12.085,-77.05524864864866
55_02,-12.085,-77.05434774774776
55_03,-12.085,-77.05344684684685
55_04,-12.085,-77.05254594594595
55_05,-12.085,-77.05164504504505
55_06,-12.085,-77.05074414414415
55_07,-12.085,-77.04984324324326
55_08,-12.085,-77.04894234234236
55_09,-12.085,-77.04804144144146
55_10,-12.085,-77.04714054054055
55_11,-12.085,-77.04623963963965
55_12,-12.085,-77.04533873873875
55_13,-12.085,-77.04443783783785
55_14,-12.085,-77.04353693693695
55_15,-12.085,-77.04263603603604
55_16,-12.085,-77.04173513513514
55_17,-12.085,-77.04083423423424
55_18,-12.085,-77.03993333333334
55_19,-12.085,-77.03903243243244
55_20,-12.085,-77.03813153153155
55_21,-12.085,-77.03723063063065
55_22,-12.085,-77.03632972972974
55_23,-12.085,-77.03542882882884
55_24,-12.085,-77.03452792792794
55_25,-12.085,-77.03362702702704
55_26,-12.085,-77.03272612612614
55_27,-12.085,-77.03182522522523
55_28,-12.085,-77.03092432432433
56_00,-12.085900900900901,-77.05614954954956
56_01,-12.085900900900901,-77.05524864864866
56_02,-12.085900900900901,-77.05434774774776
56_03,-12.085900900900901,-77.05344684684685
56_04,-12.085900900900901,-77.05254594594595
56_05,-12.085900900900901,-77.05164504504505
56_06,-12.085900900900901,-77.05074414414415
56_07,-12.085900900900901,-77.04984324324326
56_08,-12.085900900900901,-77.04894234234236
56_09,-12.085900900900901,-77.04804144144146
56_10,-12.085900900900901,-77.04714054054055
56_11,-12.085900900900901,-77.04623963963965
56_12,-12.085900900900901,-77.04533873873875
56_13,-12.085900900900901,-77.04443783783785
56_14,-12.085900900900901,-77.04353693693695
56_15,-12.085900900900901,-77.04263603603604
56_16,-12.085900900900901,-77.04173513513514
56_17,-12.085900900900901,-77.04083423423424
56_18,-12.085900900900901,-77.03993333333334
56_19,-12.085900900900901,-77.03903243243244
56_20,-12.085900900900901,-77.03813153153155
56_21,-12.085900900900901,-77.03723063063065
56_22,-12.085900900900901,-77.03632972972974
56_23,-12.085900900900901,-77.03542882882884
56_24,-12.085900900900901,-77.03452792792794
56_25,-12.085900900900901,-77.03362702702704
56_26,-12.085900900900901,-77.03272612612614
56_27,-12.085900900900901,-77.03182522522523
56_28,-12.085900900900901,-77.03092432432433
57_00,-12.086801801801803,-77.05614954954956
57_01,-12.086801801801803,-77.05524864864866
57_02,-12.086801801801803,-77.05434774774776
57_03,-12.086801801801803,-77.05344684684685
57_04,-12.086801801801803,-77.05254594594595
57_05,-12.086801801801803,-77.05164504504505
57_06,-12.086801801801803,-77.05074414414415
57_07,-12.086801801801803,-77.04984324324326
57_08,-12.086801801801803,-77.04894234234236
57_09,-12.086801801801803,-77.04804144144146
57_10,-12.086801801801803,-77.04714054054055
57_11,-12.086801801801803,-77.04623963963965
57_12,-12.086801801801803,-77.04533873873875
57_13,-12.086801801801803,-77.04443783783785
57_14,-12.086801801801803,-77.04353693693695
57_15,-12.086801801801803,-77.04263603603604
57_16,-12.086801801801803,-77.04173513513514
57_17,-12.086801801801803,-77.04083423423424
57_18,-12.086801801801803,-77.03993333333334
57_19,-12.086801801801803,-77.03903243243244
57_20,-12.086801801801803,-77.03813153153155
57_21,-12.086801801801803,-77.03723063063065
57_22,-12.086801801801803,-77.03632972972974
57_23,-12.086801801801803,-77.03542882882884
57_24,-12.086801801801803,-77.03452792792794
57_25,-12.086801801801803,-77.03362702702704
57_26,-12.086801801801803,-77.03272612612614
57_27,-12.086801801801803,-77.03182522522523
57_28,-12.086801801801803,-77.03092432432433
58_00,-12.087702702702703,-77.05614954954956
58_01,-12.087702702702703,-77.05524864864866
58_02,-12.087702702702703,-77.05434774774776
58_03,-12.087702702702703,-77.05344684684685
58_04,-12.087702702702703,-77.05254594594595
58_05,-12.087702702702703,-77.05164504504505
58_06,-12.087702702702703,-77.05074414414415
58_07,-12.087702702702703,-77.04984324324326
58_08,-12.087702702702703,-77.04894234234236
58_09,-12.087702702702703,-77.04804144144146
58_10,-12.087702702702703,-77.04714054054055
58_11,-12.087702702702703,-77.04623963963965
58_12,-12.087702702702703,-77.04533873873875
58_13,-12.087702702702703,-77.04443783783785
58_14,-12.087702702702703,-77.04353693693695
58_15,-12.087702702702703,-77.04263603603604
58_16,-12.087702702702703,-77.04173513513514
58_17,-12.087702702702703,-77.04083423423424
58_18,-12.087702702702703,-77.03993333333334
58_19,-12.087702702702703,-77.03903243243244
58_20,-12.087702702702703,-77.03813153153155
58_21,-12.087702702702703,-77.03723063063065
58_22,-12.087702702702703,-77.03632972972974
58_23,-12.087702702702703,-77.03542882882884
58_24,-12.087702702702703,-77.03452792792794
58_25,-12.087702702702703,-77.03362702702704
58_26,-12.087702702702703,-77.03272612612614
58_27,-12.087702702702703,-77.03182522522523
58_28,-12.087702702702703,-77.03092432432433
